insert into `pharmacy`.`medicines` (`dose`, `form`, `name`, `quantity`, `signature`) VALUES ('10 мг', 'ТАБЛЕТКИ', 'ПАПАВЕРИН', '10', 'По 1 таблетці 3 рази на добу.');
insert into `pharmacy`.`medicines` (`dose`, `form`, `name`, `quantity`, `signature`) VALUES ('500 мг', 'ТАБЛЕТКИ', 'АНАЛЬГІН', '10', 'По 1 таблетці 3 рази на добу.');
insert into `pharmacy`.`medicines` (`dose`, `form`, `name`, `quantity`, `signature`) VALUES ('20 г', 'ГЕЛЬ', 'АТОКСІЛ', '20', '1 стік-пакет 3 рази на добу.');
insert into `pharmacy`.`medicines` (`dose`, `form`, `name`, `quantity`, `signature`) VALUES ('1 г', 'ПОРОШОК', 'ЦЕФТРИАКСОН', '10', '1-2 г цефтріаксону 1 раз на добу (кожні 24 години).');
insert into `pharmacy`.`medicines` (`dose`, `form`, `name`, `quantity`, `signature`) VALUES ('500 мг', 'ТАБЛЕТКИ', 'ГРОПРИНОЗИН', '20', '6-8 таблеток, розподілених на 3-4 прийоми.');
insert into `pharmacy`.`medicines` (`dose`, `form`, `name`, `quantity`, `signature`) VALUES ('5 мг', 'ТАБЛЕТКИ', 'БІСОПРОЛОЛ', '30', 'Рекомендована доза становить 5 мг (1 таблетка) на добу. При необхідності добову дозу можна підвищити до 10 мг (1 таблетка) на добу. Максимальна рекомендована доза становить 20 мг на добу.');
insert into `pharmacy`.`medicines` (`dose`, `form`, `name`, `quantity`, `signature`) VALUES ('10 мг', 'ТАБЛЕТКИ', 'БІСОПРОЛОЛ', '50', 'Рекомендована доза становить 5 мг (1 таблетка) на добу. При необхідності добову дозу можна підвищити до 10 мг (1 таблетка) на добу. Максимальна рекомендована доза становить 20 мг на добу.');
insert into `pharmacy`.`medicines` (`dose`, `form`, `name`, `quantity`, `signature`) VALUES ('100 мл', 'РОЗЧИН_ДЛЯ_ЗОВНІШНЬОГО_ЗАСТОСУВАННЯ', 'НОВО-ПАСИТ', '1', 'Зазвичай призначати по 5 мл (1 чайна ложка) препарату 3 рази на добу. При необхідності дозу можна збільшити до 10 мл 3 рази на добу або зменшити до 2,5 мл вранці та вдень і 5 мл увечері. ');
insert into `pharmacy`.`medicines` (`dose`, `form`, `name`, `quantity`, `signature`) VALUES ('15 мг', 'ТАБЛЕТКИ', 'ДОНОРМІЛ', '10', 'Застосовувати за 15–30 хвилин до сну.');
insert into `pharmacy`.`medicines` (`dose`, `form`, `name`, `quantity`, `signature`) VALUES ('30 г', 'АЕРОЗОЛЬ', 'КАМЕТОН', '1', '2–3 впорскування у порожнину горла. ');

insert into `pharmacy`.`medicines_group` (`medicines_dose`, `medicines_form`, `medicines_name`, `groups_name`) VALUES ('10 мг', 'ТАБЛЕТКИ', 'ПАПАВЕРИН', 'СПАЗМОЛІТИКИ');
insert into `pharmacy`.`medicines_group` (`medicines_dose`, `medicines_form`, `medicines_name`, `groups_name`) VALUES ('500 мг', 'ТАБЛЕТКИ', 'АНАЛЬГІН', 'ЗНЕБОЛЮЮЧІ');
insert into `pharmacy`.`medicines_group` (`medicines_dose`, `medicines_form`, `medicines_name`, `groups_name`) VALUES ('500 мг', 'ТАБЛЕТКИ', 'АНАЛЬГІН', 'ЖАРОЗНИЖУЮЧІ');
insert into `pharmacy`.`medicines_group` (`medicines_dose`, `medicines_form`, `medicines_name`, `groups_name`) VALUES ('20 г', 'ГЕЛЬ', 'АТОКСІЛ', 'СОРБЕНТИ');
insert into `pharmacy`.`medicines_group` (`medicines_dose`, `medicines_form`, `medicines_name`, `groups_name`) VALUES ('1 г', 'ПОРОШОК', 'ЦЕФТРИАКСОН', 'АНТИБІОТИКИ');
insert into `pharmacy`.`medicines_group` (`medicines_dose`, `medicines_form`, `medicines_name`, `groups_name`) VALUES ('500 мг', 'ТАБЛЕТКИ', 'ГРОПРИНОЗИН', 'ПРОТИВІРУСНІ');
insert into `pharmacy`.`medicines_group` (`medicines_dose`, `medicines_form`, `medicines_name`, `groups_name`) VALUES ('5 мг', 'ТАБЛЕТКИ', 'БІСОПРОЛОЛ', 'АНТИГІПЕРТЕНЗИВНІ');
insert into `pharmacy`.`medicines_group` (`medicines_dose`, `medicines_form`, `medicines_name`, `groups_name`) VALUES ('10 мг', 'ТАБЛЕТКИ', 'БІСОПРОЛОЛ', 'АНТИГІПЕРТЕНЗИВНІ');
insert into `pharmacy`.`medicines_group` (`medicines_dose`, `medicines_form`, `medicines_name`, `groups_name`) VALUES ('100 мл', 'РОЗЧИН_ДЛЯ_ЗОВНІШНЬОГО_ЗАСТОСУВАННЯ', 'НОВО-ПАСИТ', 'СЕДАТИВНІ');
insert into `pharmacy`.`medicines_group` (`medicines_dose`, `medicines_form`, `medicines_name`, `groups_name`) VALUES ('15 мг', 'ТАБЛЕТКИ', 'ДОНОРМІЛ', 'СНОДІЙНІ');
insert into `pharmacy`.`medicines_group` (`medicines_dose`, `medicines_form`, `medicines_name`, `groups_name`) VALUES ('30 г', 'АЕРОЗОЛЬ', 'КАМЕТОН', 'АНТИСЕПТИКИ');

insert into `pharmacy`.`medicines_symptoms` (`medicines_dose`, `medicines_form`, `medicines_name`, `symptoms_name`) VALUES ('10 мг', 'ТАБЛЕТКИ', 'ПАПАВЕРИН', 'СПАЗМИ_У_ЖИВОТІ');
insert into `pharmacy`.`medicines_symptoms` (`medicines_dose`, `medicines_form`, `medicines_name`, `symptoms_name`) VALUES ('500 мг', 'ТАБЛЕТКИ', 'АНАЛЬГІН', 'ГОЛОВНИЙ_БІЛЬ');
insert into `pharmacy`.`medicines_symptoms` (`medicines_dose`, `medicines_form`, `medicines_name`, `symptoms_name`) VALUES ('500 мг', 'ТАБЛЕТКИ', 'АНАЛЬГІН', 'ЗУБНИЙ_БІЛЬ');
insert into `pharmacy`.`medicines_symptoms` (`medicines_dose`, `medicines_form`, `medicines_name`, `symptoms_name`) VALUES ('500 мг', 'ТАБЛЕТКИ', 'АНАЛЬГІН', 'М_ЯЗОВИЙ_БІЛЬ');
insert into `pharmacy`.`medicines_symptoms` (`medicines_dose`, `medicines_form`, `medicines_name`, `symptoms_name`) VALUES ('500 мг', 'ТАБЛЕТКИ', 'АНАЛЬГІН', 'ТЕМПЕРАТУРА');
insert into `pharmacy`.`medicines_symptoms` (`medicines_dose`, `medicines_form`, `medicines_name`, `symptoms_name`) VALUES ('20 г', 'ГЕЛЬ', 'АТОКСІЛ', 'НУДОТА');
insert into `pharmacy`.`medicines_symptoms` (`medicines_dose`, `medicines_form`, `medicines_name`, `symptoms_name`) VALUES ('20 г', 'ГЕЛЬ', 'АТОКСІЛ', 'БЛЮВАННЯ');
insert into `pharmacy`.`medicines_symptoms` (`medicines_dose`, `medicines_form`, `medicines_name`, `symptoms_name`) VALUES ('1 г', 'ПОРОШОК', 'ЦЕФТРИАКСОН', 'БАКТЕРІАЛЬНІ_ІНФЕКЦІЇ');
insert into `pharmacy`.`medicines_symptoms` (`medicines_dose`, `medicines_form`, `medicines_name`, `symptoms_name`) VALUES ('500 мг', 'ТАБЛЕТКИ', 'ГРОПРИНОЗИН', 'ВІРУСНІ_ІНФЕКЦІЇ');
insert into `pharmacy`.`medicines_symptoms` (`medicines_dose`, `medicines_form`, `medicines_name`, `symptoms_name`) VALUES ('5 мг', 'ТАБЛЕТКИ', 'БІСОПРОЛОЛ', 'ПІДВИЩЕНИЙ_АРТЕРІАЛЬНИЙ_ТИСК');
insert into `pharmacy`.`medicines_symptoms` (`medicines_dose`, `medicines_form`, `medicines_name`, `symptoms_name`) VALUES ('10 мг', 'ТАБЛЕТКИ', 'БІСОПРОЛОЛ', 'ПІДВИЩЕНИЙ_АРТЕРІАЛЬНИЙ_ТИСК');
insert into `pharmacy`.`medicines_symptoms` (`medicines_dose`, `medicines_form`, `medicines_name`, `symptoms_name`) VALUES ('100 мл', 'РОЗЧИН_ДЛЯ_ЗОВНІШНЬОГО_ЗАСТОСУВАННЯ', 'НОВО-ПАСИТ', 'ТРИВОГА');
insert into `pharmacy`.`medicines_symptoms` (`medicines_dose`, `medicines_form`, `medicines_name`, `symptoms_name`) VALUES ('100 мл', 'РОЗЧИН_ДЛЯ_ЗОВНІШНЬОГО_ЗАСТОСУВАННЯ', 'НОВО-ПАСИТ', 'СТРЕС');
insert into `pharmacy`.`medicines_symptoms` (`medicines_dose`, `medicines_form`, `medicines_name`, `symptoms_name`) VALUES ('15 мг', 'ТАБЛЕТКИ', 'ДОНОРМІЛ', 'БЕЗСОННЯ');
insert into `pharmacy`.`medicines_symptoms` (`medicines_dose`, `medicines_form`, `medicines_name`, `symptoms_name`) VALUES ('30 г', 'АЕРОЗОЛЬ', 'КАМЕТОН', 'БІЛЬ_У_ГОРЛІ');

insert into `pharmacy`.`warehouse` (`medicines_id_on_warehouse`, `price`, `quantity`, `medicines_dose`, `medicines_form`, `medicines_name`) VALUES ('1', '100', '200', '1 г', 'ПОРОШОК', 'ЦЕФТРИАКСОН');
insert into `pharmacy`.`warehouse` (`medicines_id_on_warehouse`, `price`, `quantity`, `medicines_dose`, `medicines_form`, `medicines_name`) VALUES ('2', '24', '203', '10 мг', 'ТАБЛЕТКИ', 'БІСОПРОЛОЛ');
insert into `pharmacy`.`warehouse` (`medicines_id_on_warehouse`, `price`, `quantity`, `medicines_dose`, `medicines_form`, `medicines_name`) VALUES ('3', '17', '210', '10 мг', 'ТАБЛЕТКИ', 'ПАПАВЕРИН');
insert into `pharmacy`.`warehouse` (`medicines_id_on_warehouse`, `price`, `quantity`, `medicines_dose`, `medicines_form`, `medicines_name`) VALUES ('4', '87', '112', '100 мл', 'РОЗЧИН_ДЛЯ_ЗОВНІШНЬОГО_ЗАСТОСУВАННЯ', 'НОВО-ПАСИТ');
insert into `pharmacy`.`warehouse` (`medicines_id_on_warehouse`, `price`, `quantity`, `medicines_dose`, `medicines_form`, `medicines_name`) VALUES ('5', '128', '105', '15 мг', 'ТАБЛЕТКИ', 'ДОНОРМІЛ');
insert into `pharmacy`.`warehouse` (`medicines_id_on_warehouse`, `price`, `quantity`, `medicines_dose`, `medicines_form`, `medicines_name`) VALUES ('6', '156', '200', '2 мл', 'РОЗЧИН_ДЛЯ_ВНУТРІШНЬОГО_ЗАСТОСУВАННЯ', 'СУПРАСТИН');
insert into `pharmacy`.`warehouse` (`medicines_id_on_warehouse`, `price`, `quantity`, `medicines_dose`, `medicines_form`, `medicines_name`) VALUES ('7', '230', '178', '20 г', 'ГЕЛЬ', 'АТОКСІЛ');
insert into `pharmacy`.`warehouse` (`medicines_id_on_warehouse`, `price`, `quantity`, `medicines_dose`, `medicines_form`, `medicines_name`) VALUES ('8', '90', '220', '30 г', 'АЕРОЗОЛЬ', 'КАМЕТОН');
insert into `pharmacy`.`warehouse` (`medicines_id_on_warehouse`, `price`, `quantity`, `medicines_dose`, `medicines_form`, `medicines_name`) VALUES ('9', '20', '280', '5 мг', 'ТАБЛЕТКИ', 'БІСОПРОЛОЛ');
insert into `pharmacy`.`warehouse` (`medicines_id_on_warehouse`, `price`, `quantity`, `medicines_dose`, `medicines_form`, `medicines_name`) VALUES ('10', '180', '230', '500 мг', 'КАПСУЛИ', 'НУРОФЕН');
insert into `pharmacy`.`warehouse` (`medicines_id_on_warehouse`, `price`, `quantity`, `medicines_dose`, `medicines_form`, `medicines_name`) VALUES ('11', '35', '250', '500 мг', 'ТАБЛЕТКИ', 'АНАЛЬГІН');
insert into `pharmacy`.`warehouse` (`medicines_id_on_warehouse`, `price`, `quantity`, `medicines_dose`, `medicines_form`, `medicines_name`) VALUES ('12', '210', '200', '500 мг', 'ТАБЛЕТКИ', 'ГРОПРИНОЗИН');

insert into `pharmacy`.`wholesale_warehouse` (`medicines_id_on_warehouse`) VALUES ('1');
insert into `pharmacy`.`wholesale_warehouse` (`medicines_id_on_warehouse`) VALUES ('2');
insert into `pharmacy`.`wholesale_warehouse` (`medicines_id_on_warehouse`) VALUES ('3');
insert into `pharmacy`.`wholesale_warehouse` (`medicines_id_on_warehouse`) VALUES ('4');
insert into `pharmacy`.`wholesale_warehouse` (`medicines_id_on_warehouse`) VALUES ('5');
insert into `pharmacy`.`wholesale_warehouse` (`medicines_id_on_warehouse`) VALUES ('6');
insert into `pharmacy`.`wholesale_warehouse` (`medicines_id_on_warehouse`) VALUES ('7');
insert into `pharmacy`.`wholesale_warehouse` (`medicines_id_on_warehouse`) VALUES ('8');
insert into `pharmacy`.`wholesale_warehouse` (`medicines_id_on_warehouse`) VALUES ('9');
insert into `pharmacy`.`wholesale_warehouse` (`medicines_id_on_warehouse`) VALUES ('10');
insert into `pharmacy`.`wholesale_warehouse` (`medicines_id_on_warehouse`) VALUES ('11');
insert into `pharmacy`.`wholesale_warehouse` (`medicines_id_on_warehouse`) VALUES ('12');

insert into `pharmacy`.`pharmacy_warehouse` (`wholesale_price`, `medicines_id_on_warehouse`) VALUES ('120', '1');
insert into `pharmacy`.`pharmacy_warehouse` (`wholesale_price`, `medicines_id_on_warehouse`) VALUES ('32', '2');
insert into `pharmacy`.`pharmacy_warehouse` (`wholesale_price`, `medicines_id_on_warehouse`) VALUES ('23', '3');
insert into `pharmacy`.`pharmacy_warehouse` (`wholesale_price`, `medicines_id_on_warehouse`) VALUES ('101', '4');
insert into `pharmacy`.`pharmacy_warehouse` (`wholesale_price`, `medicines_id_on_warehouse`) VALUES ('156', '5');
insert into `pharmacy`.`pharmacy_warehouse` (`wholesale_price`, `medicines_id_on_warehouse`) VALUES ('180', '6');
insert into `pharmacy`.`pharmacy_warehouse` (`wholesale_price`, `medicines_id_on_warehouse`) VALUES ('263', '7');
insert into `pharmacy`.`pharmacy_warehouse` (`wholesale_price`, `medicines_id_on_warehouse`) VALUES ('114', '8');
insert into `pharmacy`.`pharmacy_warehouse` (`wholesale_price`, `medicines_id_on_warehouse`) VALUES ('39', '9');
insert into `pharmacy`.`pharmacy_warehouse` (`wholesale_price`, `medicines_id_on_warehouse`) VALUES ('211', '10');
insert into `pharmacy`.`pharmacy_warehouse` (`wholesale_price`, `medicines_id_on_warehouse`) VALUES ('43.50', '11');
insert into `pharmacy`.`pharmacy_warehouse` (`wholesale_price`, `medicines_id_on_warehouse`) VALUES ('240.25', '12');
